Login date,Client _ID
2026/59/23,1
2025/18/01,18
2026/35/24,6
2026/18/02,13
2026/00/04,10
29/07/2026,8
2025/34/01,13
14/05/2025,13
2025/55/20,7
2025/16/27,3
02/08/2025,1
2026/49/01,1
2025/52/03,19
2025/13/26,18
2025/28/30,19
22/08/2025,20
2026/57/06,13
2026/40/12,13
2026/50/13,3
2025/47/14,15
2025/31/21,2
2026/30/05,6
2025/00/13,4
2025/40/10,17
2025/32/27,11
27/01/2025,7
2025/52/30,16
25/09/2025,12
2026/58/16,6
2026/26/01,3
2026/15/02,3
25/04/2025,13
2025/29/22,14
2025/21/02,1
2025/28/22,12
2025/48/04,12
2026/30/16,4
2025/22/04,6
2025/32/24,17
06/12/2026,5
2025/43/07,6
26/01/2026,6
2026/43/10,12
2025/00/18,1
2026/59/28,8
2026/55/05,13
2025/59/03,20
2025/51/21,0
25/02/2026,19
2025/26/24,9
2025/28/22,15
28/05/2025,2
2026/19/14,7
2025/32/01,19
2025/33/22,2
2026/17/29,8
2026/57/28,0
30/01/2025,5
2025/45/30,16
2025/14/05,12
17/03/2026,11
2025/25/10,3
2025/33/23,10
2026/41/06,2
2026/42/14,16
02/01/2026,7
2025/57/25,12
2025/26/27,13
2025/51/18,13
2026/26/03,13
2025/54/03,13
2026/42/11,0
2026/47/12,2
2025/39/26,0
2026/49/31,14
2025/24/08,1
2025/53/18,18
2025/19/24,19
2025/59/11,10
01/06/2026,1
2026/36/08,3
2025/50/05,14
2026/00/08,1
2025/23/26,20
03/02/2026,11
2025/25/16,2
2026/34/15,7
13/05/2026,9
2025/14/31,15
2025/00/28,20
29/12/2025,19
2025/58/26,12
2026/46/27,8
24/12/2026,12
2025/37/29,5
2026/00/24,17
08/05/2026,7
2025/48/28,14
2025/31/31,14
2026/58/23,17
2025/15/23,2
11/03/2025,7
30/10/2026,19
20/03/2026,14
22/04/2025,19
2025/18/11,3
2026/37/30,16
2025/35/27,6
2025/48/12,2
2026/36/29,4
20/09/2026,5
09/09/2025,16
2025/55/02,12
2026/59/15,3
2025/59/20,19
2025/48/18,20
2025/40/31,11
2026/59/23,8
09/01/2025,10
2025/54/16,15
2025/28/08,4
2026/41/24,15
2025/14/01,3
11/01/2026,6
2025/16/23,6
2026/00/11,14
2025/20/13,14
13/05/2025,15
2025/56/16,15
2025/19/15,6
2026/00/01,8
2025/51/23,14
2026/49/05,1
2026/18/31,11
2026/33/26,11
2025/34/05,8
2025/28/20,4
2025/23/07,18
2025/57/17,6
2026/24/02,11
2025/44/08,2
2025/16/18,17
2026/31/15,14
2026/38/16,4
2025/24/12,9
2025/30/01,0
15/06/2026,2
18/03/2026,8
2025/33/01,20
2025/02/29,11
2025/59/21,18
02/08/2026,6
2026/38/16,2
2025/28/14,1
2025/49/25,5
2025/20/19,13
2025/44/22,5
2026/00/05,8
31/03/2025,13
2025/17/10,20
24/10/2026,1
2026/16/15,12
2025/23/08,8
11/09/2025,10
2025/00/28,7
2026/37/04,16
2025/32/25,14
26/01/2026,15
01/04/2025,17
2026/00/28,10
2026/30/10,4
2025/28/31,16
2026/33/26,10
2025/34/04,16
2025/32/24,8
2026/46/23,17
2025/22/16,17
2025/14/11,16
28/08/2026,0
2026/49/13,17
2025/52/25,2
2025/27/17,14
2025/16/13,0
2026/28/09,3
2025/53/07,13
2025/57/03,11
2026/35/23,18
2025/41/17,16
12/05/2026,8
2026/23/03,4
2025/46/27,8
2025/54/16,4
2026/42/31,2
2025/22/22,6
2025/41/07,9
09/05/2025,2
2025/55/20,7
2025/27/13,18
2026/31/23,11
26/07/2025,11
2026/49/08,12
2025/59/17,8
2025/14/04,19
11/07/2026,19
03/05/2026,16
20/01/2026,10
2025/48/17,14
2026/33/05,3
2025/32/09,16
2026/36/03,8
2025/18/08,9
2025/31/27,13
2025/55/22,2
2025/52/17,7
2025/16/10,2
2025/19/05,9
2026/26/19,11
05/02/2025,2
29/11/2026,9
2025/45/02,4
2026/39/26,9
2025/55/24,9
03/07/2025,19
2025/27/31,4
2025/53/03,3
2025/58/07,16
13/06/2026,2
04/10/2026,6
2026/54/08,7
2025/41/23,11
2025/21/19,14
2026/16/11,14
2025/26/17,8
2025/35/28,16
2026/29/29,14
2025/22/01,9
2025/45/04,8
2025/51/13,13
30/09/2025,1
2026/00/03,9
2026/13/05,11
2026/49/10,7
2025/54/12,9
2025/52/12,14
2025/14/05,6
2025/27/03,16
2026/59/30,7
2025/40/04,4
2026/59/10,0
2026/41/04,6
2025/25/29,14
2025/47/20,8
18/02/2025,5
2026/42/14,2
2026/00/09,6
2025/00/16,5
2025/43/01,1
2025/33/25,7
2026/52/07,6
17/02/2025,14
2025/23/26,13
2026/27/03,11
2025/27/08,15
12/09/2026,16
2025/20/30,17
17/07/2025,1
2025/14/05,3
2026/38/13,15
2026/55/11,10
2025/53/18,2
2025/37/14,18
27/06/2026,12
23/09/2025,17
2026/45/14,1
2026/49/11,4
2025/55/07,1
2026/16/24,6
2026/53/27,15
2025/25/07,13
2026/54/28,19
2025/21/15,11
2025/59/24,10
2025/32/12,10
28/08/2025,16
26/06/2025,11
2026/24/26,16
2025/48/25,16
2025/55/13,17
2025/53/18,17
2026/31/16,12
2025/20/28,12
2026/48/08,10
2025/19/12,0
21/12/2025,17
2026/43/14,3
2026/15/05,17
01/11/2025,12
30/10/2026,14
2025/41/16,8
21/12/2025,3
2025/38/05,12
25/12/2025,2
2025/16/03,3
2026/44/29,5
2026/48/26,14
2025/41/16,7
2025/32/29,15
2025/19/06,13
2026/37/13,12
25/02/2026,11
2026/36/29,14
2025/41/25,11
2025/47/10,15
22/10/2025,13
2025/00/10,16
2025/00/01,12
2026/24/11,4
14/08/2025,3
2025/57/12,10
2025/55/28,3
2026/48/18,14
18/06/2025,8
2026/26/26,16
2026/49/28,16
2025/50/03,18
2025/23/09,14
2025/30/01,20
2025/36/28,7
29/11/2025,14
25/12/2025,6
2025/44/17,2
2025/59/29,2
2026/21/18,15
2025/18/13,14
2025/52/15,8
2026/23/23,0
04/02/2025,13
2025/48/03,2
2025/25/08,6
2025/53/08,19
2025/46/20,4
2025/29/30,5
2026/40/18,15
30/11/2025,19
2026/18/07,10
2026/58/24,0
2025/58/04,7
2026/27/12,5
2026/13/02,13
2025/44/27,8
2026/27/18,0
04/02/2026,17
2025/21/14,20
2025/22/08,6
2026/25/12,14
2026/59/08,11
2025/32/27,10
2025/15/15,13
2025/23/28,10
2025/42/21,17
2026/27/24,2
2025/37/09,19
2025/52/22,10
2026/40/27,10
03/10/2025,10
2025/26/26,17
2026/19/11,20
2026/21/20,18
2025/36/13,6
2025/49/05,9
2025/59/27,12
2025/47/30,0
2025/42/05,4
2026/44/28,14
2025/25/31,3
2026/30/29,0
2026/37/14,11
2025/32/14,7
2025/35/04,7
2025/57/20,9
16/12/2025,17
2025/41/11,4
2025/43/08,10
2025/39/01,15
03/06/2026,0
2026/42/09,10
2026/54/03,1
2025/25/18,3
2025/33/07,9
2025/54/24,18
2026/17/28,18
2025/55/08,5
2026/55/12,11
2025/28/20,19
2025/18/27,17
2025/32/20,2
09/01/2026,2
23/06/2026,9
2026/58/01,2
2025/22/16,7
2025/16/10,6
2026/21/19,12
2026/15/09,10
2025/13/01,5
2026/31/11,2
2026/46/11,17
11/09/2026,8
2025/15/18,1
2025/40/08,4
2025/21/08,11
14/08/2026,13
2025/50/27,8
2025/22/19,17
2025/22/17,9
2026/31/03,5
2025/58/24,6
2026/50/02,16
2025/38/05,19
2025/43/17,15
2025/37/18,11
2025/25/09,1
2025/17/30,5
2025/33/27,15
2025/32/11,3
2026/22/25,19
2025/38/28,12
2025/27/09,9
2025/55/12,7
2025/23/04,4
2025/43/26,9
2026/15/12,13
2025/17/16,1
17/03/2025,6
2026/14/04,1
2025/50/01,17
2025/17/10,16
2025/50/11,13
2025/51/12,12
2025/32/16,14
21/05/2026,1
2026/53/02,0
2026/21/09,1
2026/31/26,5
2025/57/30,20
2025/19/06,12
2025/45/12,3
2026/34/27,10
19/03/2025,14
09/02/2026,3
17/05/2025,15
2025/36/30,14
2025/13/30,2
2025/19/30,5
2026/59/08,8
2025/56/19,1
2025/54/29,6
2026/30/21,7
2026/16/30,6
23/01/2026,2
2026/44/13,6
2025/39/19,1
2025/33/02,14
2025/40/19,5
2025/14/27,4
2026/54/26,5
2025/24/09,17
2025/29/26,7
2026/35/15,14
05/10/2026,20
06/06/2025,12
2026/19/22,8
2025/33/04,2
2025/49/30,4
2026/57/23,14
2026/48/22,1
2025/56/12,12
2025/13/22,4
2025/28/26,17
2025/32/09,11
2025/20/31,3
21/12/2026,10
2026/25/29,12
19/04/2025,12
2025/00/13,4
2025/37/12,16
2025/45/26,19
10/09/2025,15
2026/00/17,19
2026/06/31,18
05/09/2026,9
2025/14/29,11
2025/34/20,16
2025/47/31,13
2025/17/24,11
02/08/2026,2
16/09/2025,4
2025/32/11,7
2025/20/12,1
2026/14/27,16
2025/38/02,12
